ESNTL_ID,FCLTY_NM,LCLAS_NM,MLSFC_NM,ZIP_NO,FCLTY_ROAD_NM_ADDR,FCLTY_LA,FCLTY_LO,WORKDAY_OPN_BSNS_TIME,WORKDAY_CLOS_TIME,SAT_OPN_BSNS_TIME,SAT_CLOS_TIME,SUN_OPN_BSNS_TIME,SUN_CLOS_TIME,RSTDE_OPN_BSNS_TIME,RSTDE_CLOS_TIME,RSTDE_GUID_CN,TEL_NO,OPTN_DC,ADIT_DC
KCIBSPO21N000000001,한낮의 바다,독립서점,인문서적,25505,"강원도 강릉시 강릉대로159번안길 12 1층, 서점 한낮의 바다",37.75772063,128.8890879,1200,1800,1200,1800,1200,1800,,,"화요일, 수요일",01022849729,일상의 쉼을 이야기하는 책을 소개하는 셀렉트 북샵,카페 : 있음
KCIBSPO21N000000002,깨북,독립서점,인문서적,25504,강원도 강릉시 임영로 211,37.76008985,128.8918538,,,,,,,,,,07042344416,작은 독립책방,
KCIBSPO21N000000003,칠성조선소 북살롱,독립서점,인문서적,24838,강원도 속초시 중앙로46번길 45,38.19812772,128.5833088,1100,1900,1100,1900,1100,1900,,,,01057212309,SELECTED BOOK SHOP,
KCIBSPO21N000000004,책빵소,독립서점,일반서적,26423,강원도 원주시 금불4길 23 제1층 102호,37.3490959,127.9329991,1300,2000,1300,2000,1300,2000,,,월요일,01024811309,독립출판물 위주로 취급하는 독립서점,주차 : 가능
KCIBSPO21N000000005,실레책방,독립서점,인문서적,24412,강원도 춘천시 신동면 금병의숙1길 19,37.8135637,127.7175413,1000,1800,1000,1800,1000,1800,,,"화요일, 수요일",0332621508,책 읽고 긍릉 쓰는 장소. 매일 오후6시~11시 공간 대여,"주차 : 가능, 헌책방 : 있음"
KCIBSPO21N000000006,책방마실,독립서점,일반서적,24259,강원도 춘천시 전원길 27-1,37.87837259,127.7379276,1200,2200,1200,2200,1200,1900,,,,01099483205,춘천에 위치한 작은 서점,카페 : 있음
KCIBSPO21N000000007,서툰책방,독립서점,인문서적,24264,강원도 춘천시 향교옆길13번길 22,37.88283761,127.7327685,1100,1900,1100,1900,,,,,일요일,07077217276,큐레이션 책방,"주차 : 가능, 카페 : 있음"
KCIBSPO21N000000008,이야기마을,독립서점,일반서적,10298,경기도 고양시 덕양구 원당로113번길 48-7,37.66347899,126.8359472,1000,2100,1000,2100,1000,2100,,,수요일 휴무,0319659990,"다양한 도서, 고양이, 음료,""독립서점""출판물","카페 : 있음, 리뷰여부 : 있음"
KCIBSPO21N000000009,플라뇌즈,독립서점,일반서적,10460,경기도 고양시 덕양구 원당로59번길 49-24 203호,37.65862231,126.8312139,1200,1800,1200,1800,,,,,"일요일, 월요일 휴무",050713241045,"국내외도서, ""독립서점""출판물 등 동네책방","카페 : 있음, 리뷰여부 : 있음"
KCIBSPO21N000000010,너의 작업실,독립서점,일반서적,10406,경기도 고양시 일산동구 일산로380번길 43-11,37.67095691,126.7830747,1300,1900,1300,1900,1300,1900,,,인스타그램 주간일정표 참고,050713830440,"""독립서점""출판물과 굿즈, 커피 판매하며 다양한 모임이 열리는 공간","카페 : 있음, 리뷰여부 : 있음"
KCIBSPO21N000000011,이랑,독립서점,일반서적,10240,경기도 고양시 일산서구 일현로 122 동성상가 1층 122호 이랑,37.69762029,126.7660619,1000,1800,,,,,,,"토요일, 일요일",050714172237,"서점화실, 일반서적 및 ""독립서점""출판물 판매",리뷰여부 : 있음
KCIBSPO21N000000012,고메북스,독립서점,일반서적,10379,경기도 고양시 일산서구 중앙로 1470 동부썬프라자 B동 128호,37.67227362,126.7573465,1100,1900,1100,1900,,,,,일요일,01092488296,"동네서점 ""독립서점""출판 북카페&바","주차 : 가능, 화장실 남녀구분 : 구분, 카페 : 있음, 리뷰여부 : 있음"
KCIBSPO21N000000013,북앤드로잉,독립서점,일반서적,14285,경기도 광명시 오리로1009번길 2 1층 북앤드로잉,37.48011008,126.8508954,,,,,,,,,"일요일, 월요일",07087773745,"그림 그리는 책방, ""독립서점""출판물 판매, 여행드로잉/책만들기 강의 등",리뷰여부 : 있음
KCIBSPO21N000000014,나인빌리지북스,독립서점,일반서적,11936,경기도 구리시 아차산로432번길 4 1층 나인빌리지북스,37.59339791,127.1315991,1800,2100,1200,1900,1200,1900,,,"월요일, 화요일",01062403643,"""독립서점""출판물 취급 전문 서점","카페 : 있음, 리뷰여부 : 있음"
KCIBSPO21N000000015,서로의공간,독립서점,일반서적,11935,경기도 구리시 안골로8번길 67 101호,37.59458383,127.1329066,1200,1900,1200,2000,1200,2000,,,월요일,01020870187,"""독립서점""출판물을 소개하고 판매하는 식물 서점",리뷰여부 : 있음
KCIBSPO21N000000016,밸류브릿지터무니책방,독립서점,일반서적,15806,경기도 군포시 금산로 84 4층,37.36957653,126.9376917,1130,2100,1130,2100,,,,,"월요일,일요일 휴무",0313961693,책방/갤러리/카페/세미나 공간이 함께 있는 책공간,"화장실 남녀구분 : 구분, 카페 : 있음, 리뷰여부 : 있음"
KCIBSPO21N000000017,게으른정원,독립서점,일반서적,10106,경기도 김포시 북변중로 51-1 2층,37.62598096,126.7107358,1400,2100,1400,2100,1400,2100,,,"화요일, 수요일",01023523532,"""독립서점""서점, 동네책방, 큐레이션 책방, 반려동물 동반 가능",리뷰여부 : 있음
KCIBSPO21N000000018,코너스툴,독립서점,일반서적,11350,경기도 동두천시 동두천로 115 중앙프라자 4층 403호,37.89170925,127.0546394,,,,,,,,,,01032977030,"""독립서점""출판물 단행복 영화 음악 전시와 클래스 맥주 커피 차와 수다가 있는 곳",리뷰여부 : 있음
KCIBSPO21N000000019,오키로북스,독립서점,일반서적,14709,경기도 부천시 경인로 211-1,37.48351988,126.77907,,,1300,1900,1300,1900,,,,01056195950,"코로나로 인한 일시 휴무 중. 주로 ""독립서점""출판물을 다루는 동네서점",리뷰여부 : 있음
KCIBSPO21N000000020,맛있는 음식책방 눈누난나,독립서점,인문서적,16624,경기도 수원시 권선구 매송고색로711번길 26,37.25239721,126.981529,1300,2000,1300,2000,,,,,일요일,,음식관련 책과 빵과 음식관련 소품을 판매하는 서점,카페 : 있음
KCIBSPO21N000000021,그런의미에서,독립서점,일반서적,16525,경기도 수원시 영통구 매여울로40번길 42-2 1층 102호,37.27245158,127.047325,1300,2000,1300,2000,1300,2000,,,,050713147898,다양한 국내외도서 취급,리뷰여부 : 있음
KCIBSPO21N000000022,꽃길책길,독립서점,일반서적,16538,경기도 수원시 영통구 매영로 10 삼성2차아파트 상가210호 꽃길책길,37.26944782,127.0441412,,,1300,1900,1300,1900,,,상시변동,0312174657,"""독립서점""출판물과 커피를 파는 ""독립서점""책방","카페 : 있음, 리뷰여부 : 있음"
KCIBSPO21N000000023,나무아래책방,독립서점,일반서적,16509,경기도 수원시 영통구 에듀타운로 101 에듀하임오피스텔 108동 B103호,37.28882555,127.0456052,1130,2100,1130,2100,,,,,일요일,050713107652,"영어 원서, 일반출판물 및 ""독립서점""출판물 판매, 영어독서모임 등","주차 : 가능, 카페 : 있음, 리뷰여부 : 있음"
KCIBSPO21N000000024,오손도손,독립서점,일반서적,16313,경기도 수원시 장안구 수성로303번길 3 301호,37.29153458,127.0052279,1300,1900,1300,1900,1300,1900,,,,050713197338,100% 예약제 다양한 클래스와 모임 진행중,"카페 : 있음, 리뷰여부 : 있음"
KCIBSPO21N000000025,브로콜리숲,독립서점,일반서적,16251,경기도 수원시 팔달구 화서문로32번길 21-10 2층,37.28426491,127.0125595,1300,1800,1300,1800,1300,1800,,,수요일,0312437389,"""독립서점""출판물을 취급하는 전문서점","카페 : 있음, 리뷰여부 : 있음"
KCIBSPO21N000000026,책방내심,독립서점,일반서적,14984,경기도 시흥시 목감초등길 3 2층,37.38326284,126.8588835,1200,2000,1200,2000,1200,2000,,,월요일,07086218005,책을 통해 내면의 목소리를 듣고 대화하고 즐기는 공간을 꿈꾸는 동네서점,리뷰여부 : 있음
KCIBSPO21N000000027,글헤는밤,독립서점,독립서적,12533,경기도 양평군 양동면 고송길 35-37,37.48476858,127.7004794,1300,1700,1300,1700,1300,1700,,,,01077958007,"북스테이는 1일 1팀 오후4시~오전11시 예약, 오후1시~5시는 동네책방 예약","주차 : 가능, 리뷰여부 : 있음"
KCIBSPO21N000000028,반달서림,독립서점,인문서적,17007,경기도 용인시 기흥구 동백4로 22 상가동 201호,37.27160244,127.1532512,1100,1800,1100,1800,,,,,일요일,0312862390,"생태주의 ""독립서점""서점","주차 : 가능, 화장실 남녀구분 : 구분, 리뷰여부 : 있음"
KCIBSPO21N000000029,희재서사,독립서점,인문서적,17006,경기도 용인시 기흥구 동백5로 22 쥬네브문월드 가동 137호,37.27585692,127.1512767,1100,2100,1100,2100,,,,,,01037258021,"그림 그리는 책방. 인문학, 문학, 에세이, 예술, 그림서적","주차 : 가능, 화장실 남녀구분 : 구분, 리뷰여부 : 있음"
KCIBSPO21N000000030,북살롱벗,독립서점,일반서적,16904,경기도 용인시 기흥구 신촌로73번길 5-1 102호,37.30701869,127.1127065,1000,1700,1000,1700,,,,,상시변동,01075897457,소셜북스토어. 선물하기 좋은 책을 팝니다.,리뷰여부 : 있음
KCIBSPO21N000000031,우주소년,독립서점,일반서적,16828,경기도 용인시 수지구 수풍로127번길 5,37.33495095,127.0930346,1100,2000,1100,2000,,,,,"일요일, 월요일",07047992201,큐레이션 책방,"주차 : 가능, 카페 : 있음, 리뷰여부 : 있음"
KCIBSPO21N000000032,마을회관,독립서점,일반서적,16827,경기도 용인시 수지구 신수로 767 U-Tower A동 408호,37.33831681,127.1017203,1200,2000,1400,2100,,,,,"일요일, 월요일",0317786280,평일 오후6시~9시도 운영. 아날로그 책방,"주차 : 가능, 화장실 남녀구분 : 구분, 리뷰여부 : 있음"
KCIBSPO21N000000033,농부와책방,독립서점,인문서적,17155,경기도 용인시 처인구 양지면 한터로662번길 47,37.25713584,127.2772971,900,1730,900,1730,900,1730,,,월요일,0313392348,"용인시 인문학 서점, 동네책방","주차 : 가능, 카페 : 있음, 리뷰여부 : 있음"
KCIBSPO21N000000034,동반북스,독립서점,학습서적,11681,경기도 의정부시 신촌로6번길 29-22,37.74870073,127.0363002,1300,2000,1300,2000,1300,2000,,,월요일,01089789815,동물책을 취급하는 소규모 서점,리뷰여부 : 있음
KCIBSPO21N000000035,오월의 푸른하늘,독립서점,일반서적,17389,경기도 이천시 마장면 덕평로877번길 16,37.23622813,127.363779,1000,1900,1000,1900,1000,1900,,,"월요일, 화요일",0316349659,"시골책방, 책밭, 다락방 북스테이 등","주차 : 가능, 리뷰여부 : 있음"
KCIBSPO21N000000036,아르카북스 스테이,독립서점,독립서적,17969,경기도 평택시 현덕면 덕목5길 122-11,36.95641569,126.9702531,,,,,,,,,,050713288695,1박으로 하루를 지내며 가족과 연인들의 힐링 독서 캠프가 되는 곳,"주차 : 가능, 화장실 남녀구분 : 구분, 리뷰여부 : 있음"
KCIBSPO21N000000037,아르카북스 책방,독립서점,일반서적,17969,경기도 평택시 현덕면 덕목5길 122-11,36.95641569,126.9702531,1200,1800,1200,1800,,,,,"일요일, 월요일",01031408695,코로나19로 인한 예약제 실시 중. 그림서적 소설 인문 서적 등,"주차 : 가능, 화장실 남녀구분 : 구분, 카페 : 있음, 리뷰여부 : 있음"
KCIBSPO21N000000038,산 위에 동네,독립서점,인문서적,18508,경기도 화성시 동탄장지천6길 7,37.15727783,127.1078955,1000,1900,1000,1900,1000,1900,,,,01041500118,"인문, 철학, 문학, 에세이 등의 서적을 주로 다루는 큐레이션 서점","카페 : 있음, 리뷰여부 : 있음"
KCIBSPO21N000000039,모모책방,독립서점,일반서적,18303,경기도 화성시 봉담읍 오래3길 7 1층 상가,37.22046016,126.9543172,1100,2000,000,2359,,,,,"일요일, 월요일, 공휴일",050713075084,"고양이 모모, 삐루와 디자이너 집사의 작은 ""독립서점""서점. 큐레이션 책방",리뷰여부 : 있음
KCIBSPO21N000000040,다락,독립서점,일반서적,18606,경기도 화성시 향남읍 발안양감로 193 에코프라자 303호,37.11616461,126.9115418,1300,000,1800,000,1800,000,,,,0313534368,금요일 오후 6시부터 영업. 동네서점과 와인바가 결합된 감성 공간,"주차 : 가능, 화장실 남녀구분 : 구분, 리뷰여부 : 있음"
KCIBSPO21N000000041,거제대로 북스,독립서점,일반서적,53277,경상남도 거제시 사등면 거제대로 5394-2 주황색 지붕 건물,34.90460806,128.5524609,1000,1800,1000,1800,,,,,일요일 휴무,0556354301,"신간,베스트,스테디,""독립서점""출판, 기독교 서적 취급",리뷰여부 : 있음
KCIBSPO21N000000042,숨북숨북,독립서점,일반서적,51017,경상남도 김해시 율하3로8번길 38,35.16821319,128.8135544,,,,,,,,,,07041770118,"책,커피,음악 공간 대여","카페 : 있음, 리뷰여부 : 있음"
KCIBSPO21N000000043,아마도책방,독립서점,일반서적,52444,경상남도 남해군 삼동면 동부대로1876번길 19,34.83138514,128.0019276,1200,1700,1200,1700,1200,1700,,,"화,수 정기휴무",050713080695,1인 운영하는 작은 공간으로 운영 시간과 휴무일 변동이 잦음,리뷰여부 : 있음
KCIBSPO21N000000044,당신의 글자들,독립서점,일반서적,50551,경상남도 양산시 내연1길 3-1 경보그린타워 상가 5동 102호,35.37161662,129.1441429,1000,2000,1000,2000,1000,2000,,,화요일 휴무,0553885756,"마을서점, 동네책방, ""독립서점""서점",리뷰여부 : 있음
KCIBSPO21N000000045,인디무브,독립서점,일반서적,50652,경상남도 양산시 물금읍 야리3길 49 원타운상가 402호,35.31493941,129.0113278,1200,2100,1200,2100,1200,2100,,,"월,화는 예약자만 이용 가능",050713701303,"북살롱, 와인, 등이 있는 동네책방","주차 : 가능, 화장실 남녀구분 : 구분, 카페 : 있음, 리뷰여부 : 있음"
KCIBSPO21N000000046,조이북슈퍼,독립서점,일반서적,52706,경상남도 진주시 망경상북도길 20 1층,35.1850587,128.081074,,,,,,,,,,01030921931,,리뷰여부 : 있음
KCIBSPO21N000000047,보틀북스,독립서점,일반서적,52838,경상남도 진주시 문산읍 월아산로 1047-14 LH행복주택 주민공동시설 내 상가,35.16538523,128.1628537,1000,1600,,,,,1000,1600,코로나19로 인한 장기휴점,050713221926,책과 따뜻한 커피를 즐길 수 있는 문학살롱,"주차 : 가능, 화장실 남녀구분 : 구분, 카페 : 있음, 리뷰여부 : 있음"
KCIBSPO21N000000048,무하유,독립서점,일반서적,51455,경상남도 창원시 성산구 비음로 61,35.2273223,128.701474,,,,,,,,,,,"""독립서점""서점과 의류를 같이 파는 편집매장",리뷰여부 : 있음
KCIBSPO21N000000049,주책방,독립서점,일반서적,51458,경상남도 창원시 성산구 창이대로719번길 17,35.22149625,128.7032065,1300,2000,1300,2000,,,,,"일요일, 월요일 휴무",01023014858,작은 동네 책방,리뷰여부 : 있음
KCIBSPO21N000000050,청보리책방,독립서점,일반서적,51428,경상남도 창원시 의창구 외동반림로254번길 8-1,35.23896537,128.6805698,1030,1830,1030,1830,,,,,일요일 휴무,050713367919,"책,음악,차의 어울림","카페 : 있음, 리뷰여부 : 있음"
KCIBSPO21N000000051,고양이쌤책방,독립서점,일반서적,53017,경상남도 통영시 광도면 신죽2길 73-10 1층,34.87562364,128.4184218,,,,,,,,,,0556495869,"고양이가 있는 책방, 독서토론이나 글쓰기에 관련된 책을 소개하고 판매,수업과 모임이 주로 이루어지는 곳이라 방문 전 전화 문의 및 예약 부탁",리뷰여부 : 있음
KCIBSPO21N000000052,봄날의책방,독립서점,독립서적,53078,경상남도 통영시 봉수1길 6-1,34.82633769,128.4154139,1030,1830,1030,1830,1330,1800,,,월요일13:30-18:30/화요일 휴무,07077950531,북스테이가 가능한 서점,리뷰여부 : 있음
KCIBSPO21N000000053,누군가의 책방,독립서점,일반서적,38064,경상북도 경주시 서악2길 32-16,35.82957605,129.188226,1100,1800,1100,1800,1100,1800,,,수요일 휴무,01085753093,독림출판물이 있는 동네 작은책방,리뷰여부 : 있음
KCIBSPO21N000000054,책만보,독립서점,일반서적,38082,경상북도 경주시 용담로 118 주공2차 상가103호,35.86523895,129.2091138,1300,2000,1300,2000,,,,,일요일 휴무,050713929455,"""독립서점""출판물,소설,북카페,독서모임을 즐길 수 있는 서점","카페 : 있음, 리뷰여부 : 있음"
KCIBSPO21N000000055,어서어서,독립서점,문학서적,38167,경상북도 경주시 포석로 1083,35.83783036,129.2096632,1100,1930,1000,2100,1000,2100,,,상시변동,01066253958,"시, 문학, 에세이, ""독립서점""출판물 등 문학전문서점",리뷰여부 : 있음
KCIBSPO21N000000056,책봄,독립서점,일반서적,39302,경상북도 구미시 금오산로22길 24-1,36.12621728,128.33001,1300,2000,1300,2000,1300,2000,,,상시변동,01079008999,독림출판물이 있는 동네 작은책방,"카페 : 있음, 리뷰여부 : 있음"
KCIBSPO21N000000057,하늘밭봄,독립서점,독립서적,36544,경상북도 영양군 입암면 대천길 435,36.60826725,129.0061287,1100,1800,1100,1800,1100,1800,,,휴무일은 비정기적으로 블로그에 공지,01090210446,"고즈넉한 산골의 가정식 작은 서점에서,북스테이","주차 : 가능, 리뷰여부 : 있음"
KCIBSPO21N000000058,"서점,오브덕",독립서점,일반서적,36324,경상북도 울진군 울진읍 읍내8길 5 5층 서점오브덕,36.99485788,129.4016556,,,,,,,,,월요일휴무/운영시간 상시변동,01097957115,,리뷰여부 : 있음
KCIBSPO21N000000059,메이드 인 아날로그,독립서점,일반서적,61705,광주광역시 남구 용대로53번길 2-4 1층,35.12125486,126.9176927,1100,2000,1100,2000,1100,2000,,,,0624000012,"디자인 문구 및 도서, 식물류 판매하는 편집숍",
KCIBSPO21N000000060,러브앤프리,독립서점,인문서적,61640,광주광역시 남구 천변좌로418번길 17 1층,35.1408847,126.9157444,1300,1900,1300,1900,1300,1900,,,,01086102012,감성적인 분위기의 독립출판물점,화장실 남녀구분 : 구분
KCIBSPO21N000000061,리을피읖 LOCAL BOOKS,독립서점,사진서적,61430,광주광역시 동구 동계로15번길 17,35.15391314,126.9230183,,,1300,1800,,,,,,01036287178,사진책만 있는 책방,
KCIBSPO21N000000062,지음책방,독립서점,일반서적,61432,광주광역시 동구 동명로67번길 17,35.15234598,126.9267244,1100,2200,1100,2200,1100,2200,,,,0624571208,"책과 밥,차,술을 즐길 수 있는 앤틱한 분위기의독립서점","화장실 남녀구분 : 구분, 카페 : 있음"
KCIBSPO21N000000063,책방 심가네박씨,독립서점,일반서적,61432,광주광역시 동구 동명로67번길 22-2,35.15276316,126.9267524,1030,2000,1030,2000,,,,,"일요일, 공휴일 휴무",0622290687,다양한 인문학강좌와 문화프로그램기획,
KCIBSPO21N000000064,책과생활,독립서점,일반서적,61465,광주광역시 동구 제봉로 100-1 2층,35.14736016,126.922108,1200,2100,,,1300,1900,,,,07086399231,"아트북, 인문사회서적, 문학책, 독립출판물",
KCIBSPO21N000000065,소년의서,독립서점,일반서적,61480,광주광역시 동구 충장로46번길 8 1층,35.14997646,126.9125437,,,,,,,,,,01032562625,"인물예술서적, 사회과학서적,독립서적",
KCIBSPO21N000000066,파종모종,독립서점,일반서적,61218,광주광역시 북구 우치로 13-1,35.16887395,126.9104525,1300,1800,1300,1800,1300,1800,,,"일요일, 월요일, 공휴일 휴무",01094521606,"독립출판사, 독립책방",
KCIBSPO21N000000067,연지책방,독립서점,일반서적,61173,광주광역시 북구 우치로 178,35.18243638,126.9094759,900,2300,900,2300,900,2300,,,연중무휴,07077607982,"무인 독립책방, 회원제입장",주차 : 가능
KCIBSPO21N000000068,이상현실,독립서점,일반서적,61980,광주광역시 서구 화운로 136 1층,35.15125435,126.8775075,000,240000,000,240000,000,240000,000,240000,,01054027238,"신간, 독립출판물, 헌책 비치, 책 구매 혹은 읽을 수 있음","화장실 남녀구분 : 구분, 카페 : 있음"
KCIBSPO21N000000069,사이시옷,독립서점,일반서적,62047,광주광역시 서구 화정로260번길 9,35.14724735,126.8856687,1030,2100,1030,2100,,,,,월요일 12:00~19:00,0624005987,"1층: 서점+카페 / 2층: 소모임, 대관","화장실 남녀구분 : 구분, 카페 : 있음"
KCIBSPO21N000000070,더코너북스,독립서점,인문서적,42492,대구광역시 남구 안지랑로7길 15,35.83348544,128.570394,1100,2000,1100,2000,1100,2000,,,,01077284939,꿈 꾸는 작은 공간 우리동네 작은 서점 우리끼리 나누는 인문학,
KCIBSPO21N000000071,아템파우제13,독립서점,일반서적,42607,대구광역시 달서구 선원로53길 11,35.8594508,128.5215762,,,,,,,,,,01087370013,꽃집과 함께 운영하는 책방,
KCIBSPO21N000000072,파이데이아북스,독립서점,일반서적,42781,대구광역시 달서구 월서로3길 15 231동 103-1호,35.82025296,128.5344542,1000,2000,1000,2000,1000,2000,1000,2000,,01093703619,"동네서점 & 북카페 복합형 공간, 독서토론과 공간대여도 함께 진행중","주차 : 가능, 화장실 남녀구분 : 구분, 카페 : 있음"
KCIBSPO21N000000073,심플책방,독립서점,인문서적,41244,대구광역시 동구 동부로34길 4 지하 1층,35.87710297,128.630564,1200,2100,,,,,,,월요일 휴무,01098339513,"인문,에세이 장르책과 칵테일, 음악, 고양이가 공존하는 책방",카페 : 있음
KCIBSPO21N000000074,시인보호구역,독립서점,일반서적,41519,대구광역시 북구 동북로31길 8,35.9004235,128.6104502,1100,2100,1300,2100,1300,2100,,,"1,3주 토요일 휴무, 매주 월요일,일요일 휴무",07088624530,"""갤러리카페, 출판사, 영상촬영, 문화기획, 청소년 독서예쑬캠프, 독립서""점",주차 : 가능
KCIBSPO21N000000075,치우친취향,독립서점,일반서적,41416,대구광역시 북구 학정동로 66 1층,35.94959827,128.5678986,1300,2100,,,,,,,월요일 휴무,01084115876,"치우친 취향으로 가득 작은 책방, 독립출판물,중고서적, 마실 거리 있음",카페 : 있음
KCIBSPO21N000000076,담담책방,독립서점,일반서적,41817,대구광역시 서구 달서로 81-2 3층,35.86955998,128.5708333,1300,1800,1300,1800,,,,,"월요일 휴무, 일요일 휴무",0535653469,,
KCIBSPO21N000000077,히든트레져,독립서점,일반서적,42069,대구광역시 수성구 달구벌대로530길 7 B1,35.85530724,128.6517487,,,,,,,,,,01047838372,,
KCIBSPO21N000000078,고스트북스,독립서점,예술서적,41913,대구광역시 중구 경상감영길 212 3층,35.87162466,128.598902,1300,2000,1300,2000,1300,2000,,,"2,4주 화요일 휴무",0532562123,"해외출판물,인문학,근대소설,우주과학등 예술서적",카페 : 있음
KCIBSPO21N000000079,차방책방,독립서점,일반서적,41919,대구광역시 중구 경상감영길 60 1층 차방책방,35.8714059,128.5907563,1100,2030,,,,,,,일요일 휴무,0533534878,독립서점과 북카페의 복합공간,카페 : 있음
KCIBSPO21N000000080,곁에 둔 책 방,독립서점,일반서적,41947,대구광역시 중구 국채보상로150길 83,35.864732,128.6104365,1300,1900,1300,1900,,,,,일요일 휴무,0534230502,동네 작은 독립서점 책방,
KCIBSPO21N000000081,굿브랜딩북스,독립서점,일반서적,41946,대구광역시 중구 달구벌대로447길 72-1,35.86561079,128.6083915,1100,2100,1100,2100,1100,1900,,,"""월요일 휴무:",0534261765,"큐레이션 서점, 핸드드립 커피도 판매",카페 : 있음
KCIBSPO21N000000082,사과서점,독립서점,문학서적,41958,대구광역시 중구 명륜로23길 28,35.86132289,128.5959688,1200,1930,1200,1930,1200,1930,,,인스타 공지 참고,01020699362,"시,소설, 어른을위한 그림책",
KCIBSPO21N000000083,봉산19,독립서점,일반서적,41958,대구광역시 중구 봉산문화길 19 2층,35.86096031,128.5981582,1300,2300,1300,2300,1300,2300,,,,05313086940,"독립출판물과 맥주,칵테일 판매점",카페 : 있음
KCIBSPO21N000000084,책방 정류장,독립서점,중고서적,34428,대전광역시 대덕구 한밭대로1174번길 46,36.35684802,127.4289329,1300,2100,1300,2100,1300,2100,,,수요일휴무,050713305410,"""독립서점""서점","헌책방 : 있음, 리뷰여부 : 있음"
KCIBSPO21N000000085,머물다가게,독립서점,일반서적,34649,대전광역시 동구 대동로 44,36.33155433,127.4490404,,,,,,,,,,07080986634,,리뷰여부 : 있음
KCIBSPO21N000000086,캐트리오나,독립서점,아동서적,34625,대전광역시 동구 선화로 212 2층,36.33446845,127.4290069,,,,,,,,,,0422218536,동화책과 문구를 판매,주차 : 가능
KCIBSPO21N000000087,삼요소,독립서점,일반서적,35231,대전광역시 서구 갈마역로 1 (2층),36.35094631,127.3731452,900,2200,1300,1900,900,2200,,,,050713026506,"서점,카페,문화공간,""독립서점""서점","카페 : 있음, 리뷰여부 : 있음"
KCIBSPO21N000000088,노란우산 그림서적카페,독립서점,그림서적,35415,대전광역시 서구 복수남로12번길 44 105호,36.29920237,127.380992,1100,2000,,,,,,,일요일 휴무,01082928188,"그림서적카페, 단행본그림서적","주차 : 가능, 화장실 남녀구분 : 구분, 카페 : 있음, 리뷰여부 : 있음"
KCIBSPO21N000000089,원각서점,독립서점,일반서적,34158,대전광역시 유성구 동서대로 125 한밭대학교 S2동 2층,36.35235262,127.3017638,,,,,,,,,,0428211493,,리뷰여부 : 있음
KCIBSPO21N000000090,서점이도저도,독립서점,일반서적,34117,대전광역시 유성구 신성로62번길 15 1층,36.38855697,127.3486329,1130,2200,1200,2200,1200,2200,,,목요일 휴무,01022685342,"소설,에세이,그림서적,인문학 등 다양한 책과 카페운영","주차 : 가능, 카페 : 있음, 리뷰여부 : 있음"
KCIBSPO21N000000091,마르타의서재,독립서점,일반서적,34085,대전광역시 유성구 은구비서로24번길 6 지하 1층,36.37419102,127.3208869,1030,1500,1200,1500,,,,,일요일 휴무,050714939978,"""인문사회서적과 예술서적, 어린이그림서적 위주의 신간서적을 판매","주차 : 가능, 화장실 남녀구분 : 구분, 헌책방 : 있음, 리뷰여부 : 있음"
KCIBSPO21N000000092,가까운책방,독립서점,그림서적,34927,대전광역시 중구 대흥로 177 2층,36.32557385,127.4313943,1400,2100,1400,2100,,,,,,050713062937,"그래픽노블 전문서점,""독립서점""책방",리뷰여부 : 있음
KCIBSPO21N000000093,잠시서점,독립서점,일반서적,35264,대전광역시 서구 도산로 399 4층 잠시서점,36.33934265,127.3942604,1400,2000,,,,,,,토요일 격주 휴무,050713119692,"""독립서점""서점, 동화장가, 고민상담소","화장실 남녀구분 : 구분, 리뷰여부 : 있음"
KCIBSPO21N000000094,도어북스,독립서점,일반서적,34949,대전광역시 중구 테미로 48 1층,36.32199891,127.4217815,1300,2000,1300,2000,,,,,일요일 휴무,0426266938,,리뷰여부 : 있음
KCIBSPO21N000000095,북앤스페이스,독립서점,일반서적,46764,부산광역시 강서구 명지오션시티6로 33 b107호,35.08340261,128.9092793,1030,1800,,,,,,,일요일 휴무,0512718004,"책과 공간이라는 컨셉, 주인장 감각으로 큐레이션한 책들","주차 : 가능, 화장실 남녀구분 : 구분"
KCIBSPO21N000000096,쓰다북스,독립서점,일반서적,46244,부산광역시 금정구 금정로 197 쓰다북스,35.24222827,129.0884612,1100,1800,,,,,,,"심야책방,휴일책방 운영",0518025244,"캘리그라피관련 지류 용품과 책 판매, 카페를 즐길 수 있음",카페 : 있음
KCIBSPO21N000000097,나락서점,독립서점,일반서적,48411,부산광역시 남구 전포대로110번길 8 지하1층,35.14645159,129.067344,1500,2000,1300,2100,1300,2100,,,,01052198406,"독립출판물, 일반단행본 판매",
KCIBSPO21N000000098,맡소금북스토어,독립서점,일반서적,48726,부산광역시 동구 중앙대로 514 107호 1층,35.13899751,129.0569483,1500,2100,1500,2200,,,,,"금요일 13:00~17:00, 일요일 휴무",01040277288,,"주차 : 가능, 화장실 남녀구분 : 구분"
KCIBSPO21N000000099,숙희책방 파이데이아 동래지부,독립서점,일반서적,47864,부산광역시 동래구 사직북로63번길 55 2층 1-1호,35.1978674,129.0582055,,,,,,,,,,01063309050,독서모임이 있는 곳,
KCIBSPO21N000000100,동주 책방,독립서점,과학서적,48211,부산광역시 수영구 과정로15번길 8-1,35.17284851,129.1080787,1400,1900,1400,1900,,,,,"화요일,일요일 휴무",01096690002,"자연과학 전문 서점, 부설 숲생물연구소도 있음",
KCIBSPO21N000000101,이솝우화,독립서점,일반서적,48302,부산광역시 수영구 남천바다로15번길 40,35.15104809,129.1135651,,,,,,,,,,0212300000,"광안리 앞 각종 소품들도 구비, 소규모 서점",
KCIBSPO21N000000102,스테레오북스,독립서점,일반서적,48288,부산광역시 수영구 민락본동로27번길 22 103호,35.15885759,129.1274314,1300,2100,1300,1900,1300,1900,,,수요일 휴무,01084821020,"도서,음반,커피,와인,맥주 등과 휴식을 취할 수 있는 공간",
KCIBSPO21N000000103,녹색광선,독립서점,일반서적,49081,부산광역시 영도구 흰여울길 283 1층,35.07810764,129.0456219,1300,1800,,,,,,,,,심플하고 귀여운 책들 구비,
KCIBSPO21N000000104,책방오월,독립서점,일반서적,48947,"부산광역시 중구 광복중앙로33번길 16-7 1층 책방오월, 더 타로",35.10239752,129.0293371,,,,,,,,,,01025780514,타로서점과 같이 운영중인 독립서점,
KCIBSPO21N000000105,미묘북,독립서점,디자인서적,48951,부산광역시 중구 대청로126번길 28-1,35.10038254,129.03432,1800,100,,,,,,,주말 및 공휴일 별도 공지,01025692890,"사진집,화집,아트북 심야책방",
KCIBSPO21N000000106,주책공사,독립서점,일반서적,48930,부산광역시 중구 대청로141번길 15-1 1층,35.10423999,129.035063,1100,2000,1100,2000,1100,2000,,,일요일 휴무,01085203530,커피와 책이 있는 문화복합공간,카페 : 있음
KCIBSPO21N000000107,여행하다,독립서점,인문서적,48930,부산광역시 중구 대청로141번길 17 1층,35.10435038,129.0350609,1800,2200,1300,1800,1300,1800,1300,1800,,01045854309,"심리서 전문 독립서점, 타로점도 같이운영",
KCIBSPO21N000000108,마이 유니버스,독립서점,중고서적,48967,부산광역시 중구 책방골목길 8-1 1층,35.10372748,129.0261118,1300,1900,1300,1900,1300,1900,,,"화요일,수요일휴무",01075170318,독립서점,헌책방 : 있음
KCIBSPO21N000000109,그림책방 dear,독립서점,그림서적,48109,부산광역시 해운대구 좌동순환로 275 2F,35.16919543,129.1863399,1400,2100,1400,2100,,,,,금요일 14:00~21:00,01034240507,"상가 건물 2층, 그림책방",
KCIBSPO21N000000110,순정책방,독립서점,일반서적,05271,서울특별시 강동구 동남로65길 15-5,37.54748275,127.1550027,1400,2100,,,,,,,"토요일, 일요일, 월요일",07040628202,"자연, 예술, 가족, 동물, 그래픽노블, 그림책, 독립출판뭉",
KCIBSPO21N000000111,문보우북스,독립서점,일반서적,05283,서울특별시 강동구 천호대로221길 30 1층 오른쪽,37.54811473,127.1727797,1200,1900,,,,,,,일요일,01093251745,토요일은 프로젝트데이,
KCIBSPO21N000000112,호수책장,독립서점,그림서적,07638,서울특별시 강서구 강서로45길 132-14,37.55067821,126.8315838,900,1700,,,,,,,,01022257690,"주말 예약제. 지구책장, 생태서점, 그림책방",
KCIBSPO21N000000113,악어책방,독립서점,일반서적,07704,서울특별시 강서구 강서로45다길 30-27 초록아파트 상가 102호,37.54614954,126.8346715,1000,2000,1000,1730,,,,,공휴일,01030223017,예약 회원제. 아이와 엄마를 위한 책. 클래스와 모임,"주차 : 가능, 화장실 남녀구분 : 구분"
KCIBSPO21N000000114,나무곁에 서서,독립서점,일반서적,07529,서울특별시 강서구 강서로76길 19 1층,37.56934057,126.8426262,1100,1900,1400,1900,,,,,"일요일, 월요일",01089630186,"목, 금 오후2시~오후7시 영업. 숲, 생태, 환경, 교육을 이야기하는 공간",카페 : 있음
KCIBSPO21N000000115,다시서점,독립서점,일반서적,07605,서울특별시 강서구 방화대로33길 13 1층,37.56841625,126.8157874,,,,,,,,,,01092854869,"시집과 시인의 산문류, 텍스트 위주의 독림출판물 판매",카페 : 있음
KCIBSPO21N000000116,다시서점 북터미널,독립서점,일반서적,07605,서울특별시 강서구 양천로24길 113 지하1층,37.56819751,126.8153705,,,,,,,,,,07043834869,온라인몰 운영을 위한 공간. 매장은 3분 거리 방화대로 33길 13 1층 위치,
KCIBSPO21N000000117,살롱드북,독립서점,일반서적,08739,서울특별시 관악구 남부순환로231길 11 태주빌라 1층,37.48039632,126.95698,1400,2200,1400,2200,,,,,"일요일, 월요일",07040072466,책과 술을 판매하는 서점,
KCIBSPO21N000000118,책방여행마을,독립서점,여행서적,08752,서울특별시 관악구 봉천로 401-1 2층,37.48318843,126.9446607,1400,2100,1400,2100,,,,,일요일,01088207914,여행 전문 독립 책방,
KCIBSPO21N000000119,재론북스,독립서점,일반서적,08777,서울특별시 관악구 신림로 318 1층 101호 재론북스,37.4825745,126.9302525,1030,2200,1030,2100,1300,1900,,,월요일,01098170314,독립출판물과 북큐레이션 서점. 쌍화차 대추차 커피 등 판매,"주차 : 가능, 화장실 남녀구분 : 구분, 카페 : 있음"
KCIBSPO21N000000120,관객의 취향,독립서점,일반서적,08752,"서울특별시 관악구 양녕로 19 1층,2층",37.48385258,126.9464535,1300,2100,1300,2100,1300,2100,,,"월요일, 화요일",07088182046,독립출판물 주로 취급,카페 : 있음
KCIBSPO21N000000121,하얀정원,독립서점,일반서적,08740,서울특별시 관악구 행운1길 40 1층,37.48065273,126.9573874,1400,2100,1400,2100,,,,,일~화요일 정기 휴무,01065550273,"헌 책과 새 책, 예술을 사랑하는 사람들의 놀이공간이자 아지트",카페 : 있음
KCIBSPO21N000000122,생산적헛소리,독립서점,일반서적,05009,서울특별시 광진구 능동로19길 5 지하,37.54688529,127.0734858,1500,2200,1300,1900,,,,,일요일,01046752214,모임과 인문/문화/예술 관련 프로그램을 만들어 운영,카페 : 있음
KCIBSPO21N000000123,인공위성,독립서점,일반서적,08283,서울특별시 구로구 구로중앙로27가길 32 1층,37.497604,126.8864845,1200,2100,1200,2100,1200,2100,,,"월요일, 화요일",07046420255,기부도서로 구성되는 질문서점,카페 : 있음
KCIBSPO21N000000124,올오어낫싱,독립서점,일반서적,08608,서울특별시 금천구 시흥대로 315 금천롯데캐슬골드파크4차 마르쉐도르960동 2층 206호,37.46106886,126.8972538,1300,2100,1300,2100,,,,,일요일,028677595,독립출판물 외 기타 서적 다량의 책 취급,
KCIBSPO21N000000125,도도봉봉,독립서점,일반서적,01456,서울특별시 도봉구 도봉로114길 57 1층 도도봉봉,37.64770259,127.0375133,1530,2030,1530,2030,,,,,"일요일, 월요일",01067703357,"문학, 예술, 만화, 독립출판물",
KCIBSPO21N000000126,영화책방 35mm,독립서점,독립서적,02529,서울특별시 동대문구 답십리로63길 30 101호,37.57385508,127.0686033,1200,2000,1200,2000,1200,2000,,,"월요일, 화요일",01059188068,수요일 목요일 문의 후 방문. 영화를 테마로 하는 책방,
KCIBSPO21N000000127,책방 오후 다섯시,독립서점,일반서적,02460,서울특별시 동대문구 회기로26길 14,37.59026161,127.0542982,,,,,,,,,,,,
KCIBSPO21N000000128,어나더더블유,독립서점,일반서적,07013,서울특별시 동작구 사당로30길 42,37.48308249,126.9808299,1130,1900,,,,,,,주말,01099329054,"월요일 오후2시반 오픈, 금요일 오후 5시 마감. 당신의 이야기가 책이 되는 곳",
KCIBSPO21N000000129,ZEROHUNDRED,독립서점,일반서적,04007,서울특별시 마포구 망원로2길 19 호강주택 상가 1층 3호,37.55555102,126.9009083,,,,,,,,,,01056511324,인쇄출판물 위주로 소개하는 서점,
KCIBSPO21N000000130,piece,독립서점,사진서적,03973,서울특별시 마포구 성미산로11길 63,37.56342697,126.9156205,1300,2000,1300,2000,1300,2000,,,목요일,01049174133,국내외 사진집과 오리지널 프린트 취급,
KCIBSPO21N000000131,서점 리스본,독립서점,일반서적,03979,서울특별시 마포구 성미산로23길 60,37.56608962,126.9200531,1300,2000,1300,2000,1300,2000,,,월요일,01095482360,"생일책, 비밀책 등 다양한 테마가 있는 서점",카페 : 있음
KCIBSPO21N000000132,책방 곱셈,독립서점,디자인서적,03979,서울특별시 마포구 성미산로29길 33 1층,37.56533056,126.9217846,1200,1900,1200,2000,1400,2000,,,격주 일요일,023368063,출판관계자 및 디자이너 영감 도서,카페 : 있음
KCIBSPO21N000000133,구슬꿰는실,독립서점,학습서적,04074,서울특별시 마포구 어울마당로2길 19 3층,37.54610691,126.9203075,,,,,,,,,,0263687949,방문 전 운영 여부와 이용 가능 시간 확인 必. 사회복지 전문 서점,
KCIBSPO21N000000134,아인서점,독립서점,일반서적,04025,서울특별시 마포구 월드컵로3길 31-30 3층,37.54990425,126.9109275,1300,1900,1300,1900,1300,1900,,,,07086670033,독립출판물 전문 서점,
KCIBSPO21N000000135,수수책방,독립서점,일반서적,04085,서울특별시 마포구 토정로 8-7 1층,37.54538004,126.9117968,,,,,,,,,,023363625,"책과 차. 전시회, 문화예술, 소모임 대관 등",카페 : 있음
KCIBSPO21N000000136,유어마인드,독립서점,일반서적,03703,서울특별시 서대문구 연희로11라길 10-6 2층 우측,37.56839464,126.9303023,1300,2000,1300,2000,1300,2000,,,"화요일, 신정, 설, 추석, 크리스마스",07088218990,"독립출판물과 아트북을 핵심으로 수입 서적, 음반, 굿즈를 함께 판매",
KCIBSPO21N000000137,미스터리 유니온,독립서점,문학서적,03765,서울특별시 서대문구 이화여대길 88-11,37.55934749,126.9436928,1300,2200,1300,2200,,,,,"일요일, 월요일",0260807040,추리소설 전문서점,
KCIBSPO21N000000138,별별그림,독립서점,그림서적,03664,서울특별시 서대문구 증가로6길 43 1층 102호,37.57833013,126.9264653,1200,2000,1300,2000,,,,,일요일,07041193654,"그림책, 그림 관련 서점, 그림 그리는 서점",
KCIBSPO21N000000139,다독이는 책방,독립서점,일반서적,06725,서울특별시 서초구 남부순환로333길 10 1층,37.48316192,127.0204144,800,1500,1400,2200,,,,,,01072077839,카운셀링 책방. 예약제,리뷰여부 : 있음
KCIBSPO21N000000140,책방 책읽는 정원,독립서점,일반서적,06783,서울특별시 서초구 논현로7길 24 101호,37.47275824,127.0479236,1200,2000,1200,1800,1200,1800,,,"월요일, 화요일",0220570401,금요일 운영시간 주말과 같음. 다섯 명의 책방지기의 큐레이션 서점,화장실 남녀구분 : 구분
KCIBSPO21N000000141,책방오늘,독립서점,인문서적,06753,서울특별시 서초구 바우뫼로 154 103호,37.47708413,127.0372754,1200,2000,1200,2000,1200,2000,,,,025295055,"인문서적, 예술서, 독립출판, 문학",
KCIBSPO21N000000142,개러지레옹스,독립서점,외국서적,06556,서울특별시 서초구 방배중앙로 170 지하1층,37.49428443,126.9863216,1200,2100,1300,2100,1300,2100,,,월요일,07041511110,프랑스서점 프랑스 전문 서점,"주차 : 가능, 화장실 남녀구분 : 구분, 카페 : 있음"
KCIBSPO21N000000143,믿음문고,독립서점,일반서적,06748,서울특별시 서초구 양재천로 95-4 1F,37.47619074,127.0395945,1100,1900,1100,1900,,,,,"일요일, 월요일",07077763384,수요일 22시까지 영업. 신학 철학 심리학 문학 인문사회 과학 예술 서적,
KCIBSPO21N000000144,이나이테,독립서점,여행서적,06690,서울특별시 서초구 효령로5길 26-4 1층,37.47829563,126.9860847,1000,2200,,,,,,,"금요일, 주말, 공휴일",025955158,도시를 잇는 골목서점 이나이테,
KCIBSPO21N000000145,프루스트의 서재,독립서점,중고서적,04728,서울특별시 성동구 무수막길 56 1F,37.55124523,127.0219328,1300,2000,1300,2000,,,,,,01089882682,중고서점,헌책방 : 있음
KCIBSPO21N000000146,낫저스트북스,독립서점,일반서적,04779,서울특별시 성동구 성수일로1길 10-1 1층,37.54190854,127.047425,1300,2100,1300,2100,1300,1800,,,화요일,07041122016,"월금토 1-9pm, 수목일 1-6pm 영업 책방지기가 선정한 책으로 구성",
KCIBSPO21N000000147,옥수서재,독립서점,인문서적,04735,서울특별시 성동구 한림말1길 16-1 B1층,37.54272406,127.0164052,1200,2000,1200,1800,,,,,"일요일, 공휴일",01054733012,"역사, 문학, 예술, 어린이 책들 그리고 커피와 차",카페 : 있음
KCIBSPO21N000000148,원애플어데이,독립서점,일반서적,02829,서울특별시 성북구 동소문로29길 10 1층,37.59636004,127.0202984,1300,2000,1300,2000,1300,2000,,,"월요일, 화요일",01027592332,"독립 서적물 및 출판. 맥주, 커피","카페 : 있음, 리뷰여부 : 있음"
KCIBSPO21N000000149,일일문고,독립서점,디자인서적,02725,서울특별시 성북구 삼양로 27 1층,37.60559337,127.0239644,1300,2000,1300,2000,1300,2000,,,월요일,07077058209,"독립출판물과 건축, 디자인 서적을 판매","화장실 남녀구분 : 구분, 카페 : 있음"
KCIBSPO21N000000150,사적인서점,독립서점,일반서적,05510,서울특별시 송파구 올림픽로 269 롯데캐슬골드 지하1층 교보잠실점,37.51442767,127.1006116,1200,2100,1200,2100,1200,2100,1200,2100,"설날, 추석 당일",07041511001,"책처방, 맞춤책, 큐레이션서점",
KCIBSPO21N000000151,책방 생활의지혜,독립서점,일반서적,05562,서울특별시 송파구 올림픽로10길 40,37.50817501,127.0815727,1000,2000,,,,,,,,01071047747,"공기 서점, 도서 큐레이션 서점",주차 : 가능
KCIBSPO21N000000152,오렌지 탱고,독립서점,일반서적,05825,서울특별시 송파구 중대로16길 12 201호,37.49597914,127.1257635,,,,,,,,,,024016692,,리뷰여부 : 있음
KCIBSPO21N000000153,사해책방,독립서점,일반서적,07947,서울특별시 양천구 목동중앙북로 33-20,37.54238884,126.8695296,1000,1900,,,,,,,일요일,01067274278,"다양한 국내외도서, 원데이클래스 소모임 등 공간 대여 가능, 카페",카페 : 있음
KCIBSPO21N000000154,일상상상,독립서점,일반서적,07934,서울특별시 양천구 오목로15길 14 1층 일상상상케페,37.52428663,126.8460384,1700,2200,,,,,,,주말,01089387631,도서판매/도서대여/커피와 차/장소대관/원데이클래스,카페 : 있음
KCIBSPO21N000000155,새벽감성1집,독립서점,일반서적,07903,서울특별시 양천구 월정로50길 16-8 101호,37.54134887,126.8316983,1200,2100,1300,1900,1300,1900,,,수요일,01029239065,"화요일은 오후3시까지 영업. 여행, 고양이, 에세이, 소설, 독립서적 주로 취급",카페 : 있음
KCIBSPO21N000000156,일단불온,독립서점,일반서적,07265,서울특별시 영등포구 당산로18길 16-1 1층 독립책방 일단불온,37.52278919,126.8979183,,,,,,,,,,01050951802,책방지기가 고른 책들 진열,
KCIBSPO21N000000157,스토리지북앤필름,독립서점,일반서적,04337,서울특별시 용산구 신흥로 115-1,37.54477692,126.983156,1300,1900,1300,1900,1300,1900,,,,07051039975,독립출판물 전문 서점,
KCIBSPO21N000000158,별책부록,독립서점,일반서적,04339,서울특별시 용산구 신흥로16길 7,37.54493682,126.9870009,1330,1930,1330,1930,1330,1930,,,월요일,07040076690,"국내외 독립출판물, 디자인 예술 단행본, 중고도서, 음반, 디자인 제품",
KCIBSPO21N000000159,Beleben,독립서점,일반서적,04345,서울특별시 용산구 회나무로12길 5 Beleben 벨리븐,37.53915251,126.989627,1400,2200,1400,2200,1400,2200,,,"월요일, 화요일",027978303,국내외 희귀도서 고서 아트북 화보집 만화책 시집 초판본 등 다양한 서적,카페 : 있음
KCIBSPO21N000000160,책꼬리,독립서점,일반서적,03469,서울특별시 은평구 응암로16길 22 1층,37.59133423,126.9197903,,,,,,,,,,0260131955,카페와 책방,카페 : 있음
KCIBSPO21N000000161,옥탑방책방,독립서점,일반서적,03181,서울특별시 종로구 경교장길 8 중앙대학교 평동캠퍼스 505호,37.56741593,126.9663051,1000,1900,,,,,,,주말,01068321534,독립출판물만을 전문적으로 다루는 독립서점,
KCIBSPO21N000000162,티움 스터디 공간,독립서점,일반서적,03060,서울특별시 종로구 율곡로5길 24,37.57712367,126.9846185,1400,2330,,,,,,,,01079215133,,
KCIBSPO21N000000163,더북소사이어티,독립서점,디자인서적,03044,서울특별시 종로구 자하문로10길 22 2층,37.57931647,126.9727004,1300,1900,1300,1900,1300,1900,,,월요일,07086215676,"현대 미술, 디자인 관련 국내외 도서 전문 취급",
KCIBSPO21N000000164,Off to Alone,독립서점,일반서적,03036,서울특별시 종로구 자하문로15길 26-4,37.58080425,126.9695203,,,,,,,,,"일요일, 월요일",01011110000,영업시간 인스타그램 참조. 일러스트레이션 진/독립출판물 서점,
KCIBSPO21N000000165,비화림,독립서점,일반서적,03057,서울특별시 종로구 창덕궁길 153 1층 비화림서점,37.582997,126.9874505,1100,1900,1100,1900,1100,1900,,,"월요일, 화요일",01073270312,큐레이션 서점,카페 : 있음
KCIBSPO21N000000166,커넥티드북스토어,독립서점,일반서적,03194,서울특별시 종로구 청계천로 159 3층 외부 바열 328호,37.56928171,126.9952398,1300,1900,1300,1900,,,,,일요일,07042575477,"국내외 아트북, 대형서점에는 없는 책, 독립출판물을 소개",
KCIBSPO21N000000167,명사서책방,독립서점,그림서적,03194,서울특별시 종로구 청계천로 159 세운상가 4층 가 427호,37.56928171,126.9952398,,,,,,,,,,,"국내 잘 알려지지 않은 프랑스어권 그림책, 그림책 서평집, 국내 그림책",
KCIBSPO21N000000168,파움스서울,독립서점,독립서적,03039,서울특별시 종로구 필운대로 15-10 4층,37.57787861,126.9691127,1300,1900,1300,1900,,,,,"일요일, 월요일, 화요일",01049309125,"영화적인 것들을 만나보실 수 있는 독립서점, 시네마라운지",
KCIBSPO21N000000169,아이엠굿북,독립서점,문학서적,04536,서울특별시 중구 명동4길 14 3층 아이엠굿북,37.56493383,126.9855328,,,,,,,,,,0260101266,세계 최초의 이미지 오디오북 매장,리뷰여부 : 있음
KCIBSPO21N000000170,얄라북스,독립서점,독립서적,04550,서울특별시 중구 을지로 114-6 606호,37.56583436,126.9906099,1100,1900,,,,,,,,0222743331,"사진, 회화, 일러스트 등 시각 예술 분야의 전문서적과 독립출판물",리뷰여부 : 있음
KCIBSPO21N000000171,노말에이,독립서점,일반서적,04543,서울특별시 중구 을지로 121-1 2층,37.5665285,126.9914084,1200,2000,1200,2000,,,,,공휴일,07046815858,"국내외 서적, 문구류를 직접 큐레이션 하여 밀도 있게 소개",
KCIBSPO21N000000172,보위옥,독립서점,일반서적,04557,서울특별시 중구 충무로2길 20 2층,37.562399,126.9942467,,,,,,,,,,01056214082,,
KCIBSPO21N000000173,스페인책방,독립서점,외국서적,04625,서울특별시 중구 퇴계로36길 29 기남빌딩 5층 603호,37.56054795,126.9950588,1400,2000,1300,1800,,,1300,1800,일요일,01094607694,"스페인, 중남미 관련책, 스페인어원서, 독립출판물 등",
KCIBSPO21N000000174,꿈꾸는 책방,독립서점,일반서적,44655,울산광역시 남구 문수로423번길 14 꿈꾸는책방,35.53488778,129.2999863,,,,,,,,,,01035515501,"동네책방, 큐레이팅책방, 독서모임","주차 : 가능, 화장실 남녀구분 : 구분"
KCIBSPO21N000000175,내가 지은,독립서점,일반서적,44943,울산광역시 울주군 언양읍 헌양길 234 1층,35.56906703,129.1138365,1900,2200,1900,2200,,,,,"매일 09:00~01:00 공유서재, 연중무휴 | 평일 19:00~22:00 독립서점, 공휴일 및 일/월 휴무",01032876624,"""공유서재와 독립서점으로 나눠서 운영, 공부와 책읽는 장소 대여가 가능한 공유서재, 책판매를 하는 독립서점 같이 운영",주차 : 가능
KCIBSPO21N000000176,꿈공작소 모모,독립서점,인문서적,23031,인천광역시 강화군 강화읍 북문길 10 꿈공작소 모모,37.74790348,126.4847422,1100,1700,1100,1700,1100,1700,,,"화요일, 수요일",01087614362,모모책방과 독서공간,
KCIBSPO21N000000177,이루라 책방,독립서점,일반서적,23017,인천광역시 강화군 내가면 구하리 495,37.72392018,126.3639882,,,,,,,,,,01068363595,,"주차 : 가능, 화장실 남녀구분 : 구분, 리뷰여부 : 있음"
KCIBSPO21N000000178,말앤북스,독립서점,인문서적,21569,인천광역시 남동구 문화서로28번길 13-1,37.44775087,126.696784,,,,,,,,,,0324422017,비정기책방과 미술교실,
KCIBSPO21N000000179,고양이수염,독립서점,인문서적,21566,인천광역시 남동구 문화서로49번길 39 103호,37.4496917,126.6940619,,,,,,,,,,01073510128,하루를 마무리하는 심야서점. 구월동에 위치한 독립서점,
KCIBSPO21N000000180,커넥더닷츠,독립서점,일반서적,22554,인천광역시 동구 서해대로513번길 15 2층,37.47216947,126.6367067,,,,,,,,,,01064330072,"독립출판물, 중고서적, 핸드드립 커피, 계절과일청 음료","카페 : 있음, 헌책방 : 있음"
KCIBSPO21N000000181,나비날다책방,독립서점,일반서적,22554,인천광역시 동구 송림로 8,37.47283479,126.6361577,,,,,,,,,,,배다리 헌책방거리에 위치한 책방,헌책방 : 있음
KCIBSPO21N000000182,책방모도,독립서점,일반서적,22516,인천광역시 동구 화수로47번길 14,37.48305456,126.6319738,1100,1900,1100,1900,1100,1900,,,,07088771215,동인천 화수동 골목길 작은 서점 책방,
KCIBSPO21N000000183,취한책방,독립서점,일반서적,22207,인천광역시 미추홀구 경인남길 76 지하 1층 취한책방,37.4531926,126.6572815,1000,1800,1000,1800,,,,,일요일,01099906413,술집 b612 안에 샵인샵으로 입점. 낮에는 책방 밤에는 술집이 되는 공간,
KCIBSPO21N000000184,사람과공간딴뚬꽌뚬,독립서점,일반서적,22154,인천광역시 미추홀구 경인로 358 B1,37.45825983,126.6797678,1130,2000,1130,2000,1130,2000,,,,01030548624,독립출판물 등을 취급하는 북카페,카페 : 있음
KCIBSPO21N000000185,연꽃빌라,독립서점,일반서적,21338,인천광역시 부평구 길주로547번길 8-12,37.50773183,126.7238718,1200,2200,1200,2200,1200,2200,,,목요일,0322217933,독립출판물 전문 취급,카페 : 있음
KCIBSPO21N000000186,출판스튜디오 쓰는하루,독립서점,일반서적,21364,인천광역시 부평구 부평대로165번길 26 1층 쓰는하루,37.50534606,126.7196714,1100,2030,1100,2030,1100,2030,,,월요일,01042482647,북카페 겸 갤러리. 책은 구매해야지만 읽을 수 있음,
KCIBSPO21N000000187,북극서점,독립서점,일반서적,21355,인천광역시 부평구 장제로221번길 27 2층,37.50526036,126.7294498,1400,2100,1400,2100,1400,2100,,,영업시간 인스타 피드 확인 필수,07075334733,"독립출판물, 해외 아트북, 큐레이션 북",
KCIBSPO21N000000188,사각공간,독립서점,일반서적,21337,인천광역시 부평구 장제로249번길 16 1층,37.50796425,126.7302988,1000,2100,1000,2100,,,,,일요일,0322150423,동네서점 동네책방 작은책방,헌책방 : 있음
KCIBSPO21N000000189,독립서점 마음책방,독립서점,인문서적,22729,인천광역시 서구 심곡로24번길 18 1층 마음책방,37.54055045,126.6719065,1500,2200,1500,2200,1500,2200,,,화요일,01077431558,"인천서구청역 독립서점 독립책방, 카페, 대여 등","주차 : 가능, 화장실 남녀구분 : 구분, 카페 : 있음"
KCIBSPO21N000000190,서점안착 호미사진관,독립서점,인문서적,22731,인천광역시 서구 염곡로498번안길 5-20 1층 서점안착 호미사진관,37.52854089,126.6715391,1200,1900,1300,1900,1300,1900,1300,1900,휴무 인스타 확인,01042481258,독립서점+소규모 사진관+카페 의 복합공간,"주차 : 가능, 화장실 남녀구분 : 구분, 카페 : 있음"
KCIBSPO21N000000191,지구별서점,독립서점,일반서적,58726,전라남도 목포시 수문로 63 지구별서점,34.79400903,126.3796876,1400,1900,1400,1900,,,,,"목요일, 일요일 휴무",01054993511,목포 원도심에 위치한 독립서점,
KCIBSPO21N000000192,동네산책,독립서점,문학서적,58704,전라남도 목포시 용해로86번길 1-2,34.80382185,126.4021867,1200,2000,1200,2000,1200,2000,,,월요일 휴무,0612764565,독서모임과 글쓰기워크숍을 진행하는 문학 중심 작은 책방,"화장실 남녀구분 : 구분, 카페 : 있음"
KCIBSPO21N000000193,산책,독립서점,일반서적,58726,전라남도 목포시 차범석길23번길 15,34.79352013,126.3786114,1300,1700,,,,,,,,01072830926,"만화,그래픽노블,독립출판물,동화,소품,등 판매",헌책방 : 있음
KCIBSPO21N000000194,골목책방서성이다,독립서점,인문서적,57941,전라남도 순천시 금곡길 15 골목책방서성이다,34.95477229,127.4826071,1100,1900,1100,1900,,,,,월요일 휴무,0617511237,"인문학서적과 독립출간물을 주로 갖춘 책방으로 책모임, 영화모임, 저자와의만남,전시회 등 서성이는 마음들 잠시 쉬어가는 곳",
KCIBSPO21N000000195,심다,독립서점,일반서적,57964,전라남도 순천시 역전2길 10 심다,34.94699032,127.4980123,1230,1930,,,,,,,수요일 휴무,0617414792,잔잔한 분위기에 정리되어있는 다양한 독립출판물,주차 : 가능
KCIBSPO21N000000196,책방 룸펜 인텔리겐챠,독립서점,일반서적,59746,전라남도 여수시 이순신광장로 220 1층 106호 태양맨션상가,34.74041266,127.745646,1100,2000,1100,2000,1100,2000,,,,01028733324,인문서적 위주의 책방,
KCIBSPO21N000000197,책방 어느날,독립서점,일반서적,59746,전라남도 여수시 이순신광장로 220 태양맨션 제상가동 1층 106호,34.74041266,127.745646,1400,1800,1400,1800,1400,1800,,,,01034523439,작은 동네 독립서점 책방,헌책방 : 있음
KCIBSPO21N000000198,려,독립서점,일반서적,59736,전라남도 여수시 통제영5길 10-1 2층,34.74096733,127.7358867,900,000,,,,,,,,01027152037,"""여수 문화콘텐츠 플랫폼 역할, 요리와 와인 판매, 음식, 여행, 공간에 대한 다양한 책들을 소개하고 와인, 취미 공유 등의 여러가지 소모임과 클래스를 운영",화장실 남녀구분 : 구분
KCIBSPO21N000000199,마리서사,독립서점,일반서적,54022,전라북도 군산시 구영5길 21-26,35.98577995,126.707556,1100,2000,1100,2000,1100,1800,,,월요일 휴무,0634457364,1920년대에 건립된 적산가옥을 이용한 동네 책방 독립서점,
KCIBSPO21N000000200,책방 조용한흥분색,독립서점,여행서적,54039,전라북도 군산시 풍문2길 5-2 책방 조용한흥분색,35.97830934,126.7163102,1000,2200,,,1000,2100,,,,01068338770,"여행 관련 독립출판물, 책방지기의 취향이 담긴 독립출판물",주차 : 가능
KCIBSPO21N000000201,림보책방,독립서점,일반서적,55311,전라북도 완주군 고산면 고산로 100 2층,35.97464337,127.2077196,1300,2100,1300,2100,,,,,,07042400088,"고산청년공간, 마을책방",
KCIBSPO21N000000202,꿈꾸는소리,독립서점,일반서적,55334,전라북도 완주군 삼례읍 삼봉5로 60 사회적기업사무실 2층,35.92294076,127.1166253,1300,1900,1000,1600,,,,,"공휴일, 월요일, 일요일 휴무",01043019229,"삼례 작은 마을에서 반짝반짝 꿈을 꾸는 책방, 그리고 스피치 연구소",
KCIBSPO21N000000203,북메리카노,독립서점,일반서적,54605,전라북도 익산시 주현로4길 15-1 2층,35.93230962,126.9574179,1800,2100,1400,2100,,,,,,01056744564,"나, 심리, 그림을 주제로 독립출판물을 판매,인상담, 타로상담 ,취미, 원데이클래스(캔들, 방향제),독서모임, 교육 등을 예약제로 진행","주차 : 가능, 화장실 남녀구분 : 구분"
KCIBSPO21N000000204,7월의 서재,독립서점,일반서적,54593,전라북도 익산시 중앙로1길 6-2 2층,35.94010864,126.9485713,1000,1900,,,,,,,,01082972504,독립출판물을 다루는 동네 책방,
KCIBSPO21N000000205,두번째집,독립서점,일반서적,54604,전라북도 익산시 평동로11길 12 남부시장 내 두 번째 집,35.93194536,126.9533796,1000,1700,1300,1900,,,,,수요일 10:00~16:00,01063552086,"책을 중심으로 이야기하고 가치를 공유, 커피도 판매,  그림책, 강연, 특별수업 등 비정기적으로 진행","주차 : 가능, 카페 : 있음"
KCIBSPO21N000000206,잘익은언어들,독립서점,일반서적,54830,전라북도 전주시 덕진구 두간11길 15,35.86405079,127.1150511,1000,1800,1400,1700,,,,,"월요일, 일요일 휴무",01030006959,"책방지기가 프리랜서로 일하고 있어서,가끔 행사시에 저녁이나 주말에 오픈, 동네 작은 책방",주차 : 가능
KCIBSPO21N000000207,소소당,독립서점,일반서적,54836,전라북도 전주시 덕진구 솔내7길 17-10 소소당,35.8603778,127.1232096,1000,2000,1000,2000,1000,2000,,,명절휴무,01054606267,,"주차 : 가능, 화장실 남녀구분 : 구분"
KCIBSPO21N000000208,살림책방,독립서점,일반서적,54887,전라북도 전주시 덕진구 하가3길 20-9,35.84760041,127.1131234,1300,1800,,,,,,,,01033651221,"인문, 사회, 철학, 예술 등 다양한 도서들과 그림책을 판매, 문구 및 소품도 판매",
KCIBSPO21N000000209,물결서사,독립서점,일반서적,55005,전라북도 전주시 완산구 물왕멀2길 9-6,35.82643591,127.1470906,1100,1800,1100,1800,1100,1800,,,수요일휴무,01051439398,작은 독립책방,
KCIBSPO21N000000210,에이커북스토어,독립서점,일반서적,55038,전라북도 전주시 완산구 전라감영4길 1 4층,35.81566861,127.14488,1300,1900,1300,1900,1300,1900,,,월요일휴무,01086497609,독립출판물을 다루는 작은 책방,화장실 남녀구분 : 구분
KCIBSPO21N000000211,평화와 평화,독립서점,일반서적,55038,전라북도 전주시 완산구 전라감영4길 16-7 3층,35.81705369,127.1448856,1300,2200,1100,2200,1100,2200,1100,2200,휴무일 인스타로공지,01094569340,"웨딩거리 책,술과 문화를 다루는 공간",카페 : 있음
KCIBSPO21N000000212,서점 카프카,독립서점,문학서적,55043,전라북도 전주시 완산구 풍남문4길 32 2층 카프카,35.81512548,127.145308,1200,2100,,,1200,2100,,,,01026707853,문학책 위주의 북카페 독립서점,카페 : 있음
KCIBSPO21N000000213,라바북스,독립서점,일반서적,63611,제주특별자치도 서귀포시 남원읍 태위로 87 1층,33.27443607,126.6568159,1100,1800,1100,1800,1100,1800,,,"매주 수요일, 셋째주 목요일 휴무",01044160444,소소한 제주소품들과 주인장 취향의 책들을 만날 수 있는 작은 책방,
KCIBSPO21N000000214,어나더페이지,독립서점,일반서적,63508,제주특별자치도 서귀포시 대정읍 동일하모로220번길 19,33.22399269,126.2547954,1100,1900,1100,1900,1100,1830,,,월요일 휴무,01033404276,작고 조용한 동네 책방,
KCIBSPO21N000000215,이듬해봄,독립서점,일반서적,63513,제주특별자치도 서귀포시 대정읍 하모백사로29번길 6-6 골목안 차 진입 불가,33.21434336,126.258528,1100,1600,,,,,,,"공휴일, 주말 휴무",01063888037,"에세이,소설,아트북,그림책,독립출판서적 판매, 외부음료 반입 가능",
KCIBSPO21N000000216,시옷서점,독립서점,문학서적,63569,제주특별자치도 서귀포시 막동산로 19,33.25637191,126.5239412,1000,1300,1800,2200,1800,2200,,,"수요일, 목요일, 금요일 휴무",01045212592,,
KCIBSPO21N000000217,책방무사,독립서점,일반서적,63630,제주특별자치도 서귀포시 성산읍 수시로10번길 3,33.44612526,126.8866205,,,,,,,,,,,"""조용한 공간에 서적과 굿즈,디퓨저등 소품도 판매",
KCIBSPO21N000000218,카페사계리,독립서점,문학서적,63528,"제주특별자치도 서귀포시 안덕면 사계로 112 1,2층",33.24026669,126.3003237,1000,1800,1000,1800,1000,1800,,,,07076552118,"""추리소설, SF 소설 등의 장르 소설류만 구비'",주차 : 가능
KCIBSPO21N000000219,북살롱이마고,독립서점,일반서적,63625,제주특별자치도 서귀포시 표선면 세화강왓로 78,33.32504828,126.7952514,1100,1800,1100,1800,1100,1800,,,"수요일, 목요일 휴무",0647873282,"인문서,여행서,디자인,예술서,생태관련책, 등 카페와 북스테이 함께 운영하는 복합문화공간","주차 : 가능, 화장실 남녀구분 : 구분, 카페 : 있음"
KCIBSPO21N000000220,아무튼책방,독립서점,인문서적,63246,제주특별자치도 제주시 간월동로 12 1층,33.48539019,126.5438509,1100,1800,1100,1800,,,,,"목요일 14:00~20:00, 일요일 정기휴무",0647222654,인문학 + 블라인드 북 + 헌책 + 독립출판물 판매 간드락 게스트 하우스랑 같이 운영하는 책방,헌책방 : 있음
KCIBSPO21N000000221,미래책방,독립서점,일반서적,63168,제주특별자치도 제주시 관덕로4길 3,33.51258319,126.521224,1200,1900,1200,1900,1200,1900,,,"수요일, 목요일 휴무",01036561753,앞으로 어떻게 살까에 대한 고민을 담고 있는 책들로 채워져있는 구 제주에 위치한 소규모 편집 책방,
KCIBSPO21N000000222,언제라도,독립서점,일반서적,63363,제주특별자치도 제주시 구좌읍 문주란로5길 34-2,33.52044691,126.8875548,1400,1700,1400,1700,1400,1700,,,"월요일, 목요일, 금요일 휴무",01029561087,직접 제작한 독립출판물 및 타 작가들의 작품도 볼 수 있는 시골집책방,주차 : 가능
KCIBSPO21N000000223,삼춘책방,독립서점,문학서적,63362,제주특별자치도 제주시 구좌읍 상하도길 46-12,33.51688343,126.8665531,1000,2200,,,,,,,휴무 인스타로 공지,01035916896,"소설과 에세이,그림책과 시집, 독립출판물,잡지,엽서 판매하는 조그마한 동네책방",주차 : 가능
KCIBSPO21N000000224,제주풀무질,독립서점,인문서적,63361,제주특별자치도 제주시 구좌읍 세화11길 8,33.52156634,126.8609766,1100,1800,1100,1800,1100,1800,,,수요일 휴무,0647826917,"""인문학 고전, 문학 일반, 독립출판물을 주로 취급,개인 작가님들이 다품종 소량생산하는 수공예품도 전시, 판매",주차 : 가능
KCIBSPO21N000000225,독립서점북덕북덕,독립서점,일반서적,63355,제주특별자치도 제주시 구좌읍 송당6길 38-1 제2동,33.46827691,126.7837806,1400,1700,1400,1700,1400,1700,,,,01062543040,"입장료1만원,사전예약제, 음료서비스 선택1,무료제공 간식서비스","주차 : 가능, 화장실 남녀구분 : 구분"
KCIBSPO21N000000226,서점숙소,독립서점,일반서적,63358,제주특별자치도 제주시 구좌읍 월정중길 19-12,33.55820256,126.7916918,1500,2100,1500,2100,1500,2100,,,휴무 인스타로 공지,01095248823,월정리 해변 근처 작은 동네책방,주차 : 가능
KCIBSPO21N000000227,소심한책방,독립서점,일반서적,63364,제주특별자치도 제주시 구좌읍 종달동길 29-6,33.49147657,126.9030648,1000,1800,1200,1800,1200,1800,,,휴무 인스타로 공지,07081470848,"소설, 에세이, 인문, 여행, 독립출판물, 제주 문구 등 편애로 채워진 책과 소품",
KCIBSPO21N000000228,웃한책방,독립서점,일반서적,63364,제주특별자치도 제주시 구좌읍 종달로1길 38-24,33.4950433,126.8999225,,,,,,,,,,,"뜬금없는 만화,책방,소품",
KCIBSPO21N000000229,책약방,독립서점,일반서적,63364,제주특별자치도 제주시 구좌읍 종달로5길 11,33.49301721,126.8975716,,,,,,,,,,,따듯한 느낌의 동네 책방,
KCIBSPO21N000000230,책가방,독립서점,일반서적,63265,제주특별자치도 제주시 동문로14길 11,33.51253788,126.5333951,1230,1830,1230,1830,,,,,일요일 휴무,01026616787,전시와 문화생활을 함께 할 수 있는 분위기 있는 동네책방,
KCIBSPO21N000000231,딜다책방,독립서점,일반서적,63194,"제주특별자치도 제주시 삼성로1길 1 , 1층",33.50542417,126.5272239,1000,1800,1000,1800,1000,1800,,,,0647234441,개인적인 감성과 감정을 대중들과 공유하고 재생산 과정을 통해 새로운 컨텐츠를 양산하고자 설립된 문화예술컨텐츠 기획사,
KCIBSPO21N000000232,나이롱책방,독립서점,중고서적,63317,제주특별자치도 제주시 선사로2길 37 1층,33.52486751,126.5895542,1200,1800,,,,,,,"수요일, 목요일, 공휴일 휴무",01020688984,"독립출판물,중고책,셀렉션북을 판매하는 작은서점",헌책방 : 있음
KCIBSPO21N000000233,몽캐는책고팡,독립서점,일반서적,63036,"제주특별자치도 제주시 애월읍 고하상로 125-1 순여네국수, 하가1476 맞은 편 초록지붕",33.45552014,126.3491465,1100,1538,1200,1800,1600,1900,,,,0649010879,제주 전통가옥에 있는 작은 책방,
KCIBSPO21N000000234,보배책방,독립서점,인문서적,63055,제주특별자치도 제주시 애월읍 장유길 42,33.44941204,126.3960122,,,,,,,,,,01042056672,인문교양도서 위주의 독립서점,
KCIBSPO21N000000235,밤수지맨드라미 책방,독립서점,일반서적,63365,제주특별자치도 제주시 우도면 우도해안길 530,33.52071739,126.9484813,1000,1800,1000,1800,1000,1800,,,비정기 휴무,01074052324,"우도에 있는 작은책방, 아기자기한 소품도 있음",
KCIBSPO21N000000236,북스페이스 곰곰,독립서점,아동서적,63076,제주특별자치도 제주시 우평로 45-1 바인빌딩 1층 101호,33.47906312,126.4612042,1200,2000,1200,2000,,,,,,01051057433,"어린이 도서카페, 단행본, 그림책판매, 카페와 공간대여 운영","주차 : 가능, 카페 : 있음"
KCIBSPO21N000000237,사슴책방,독립서점,디자인서적,63343,제주특별자치도 제주시 조천읍 중산간동로 698-71,33.49579533,126.6581245,,,1200,1800,,,,,"10월, 11월에는 주말(토,일)에만 영업",01074029077,"국내외 그림책, 아트북, 그래픽노블, 디자인북, 드로잉북 등 시각 예술 서적 위주의 작품",주차 : 가능
KCIBSPO21N000000238,오줌폭탄,독립서점,아동서적,63333,제주특별자치도 제주시 조천읍 함덕5길 8-23,33.54443548,126.6605182,1300,1700,1300,1700,1300,1700,,,,01096873795,아동동시전문 서점,
KCIBSPO21N000000239,만춘서점,독립서점,일반서적,63333,제주특별자치도 제주시 조천읍 함덕로 9,33.54075398,126.6733418,1100,1800,1100,1800,1100,1800,,,연중무휴,0647846137,"서적,음반,lp등 독립서적과 일반서적도 판매",
KCIBSPO21N000000240,무명서점,독립서점,일반서적,63008,제주특별자치도 제주시 한경면 고산로 26 유명제과 2층,33.30333223,126.1796981,1300,1800,1300,1800,1300,1800,,,"월요일, 화요일 휴무",01063903136,"책을 시, 사랑, 정치, 자연 4가지 주제로 재배열하고, 새책이었던 헌책과 헌책이 될 새책이 공존하는 책방",
KCIBSPO21N000000241,북스토어 아베끄,독립서점,일반서적,63010,제주특별자치도 제주시 한림읍 금능9길 1-1 밖거리,33.38867297,126.2296296,1200,1800,1200,1800,1300,1800,,,수요일 휴무,01032991609,"사랑과 연애, 힐링을 테마로 하고 있는 작은 책방",헌책방 : 있음
KCIBSPO21N000000242,책방 소리소문,독립서점,일반서적,63018,제주특별자치도 제주시 한림읍 중산간서로 4062,33.35803388,126.2715809,,,,,,,,,12월 휴무,01082989884,블라인드북과 필사를 할 수 있는 공간 마련,주차 : 가능
KCIBSPO21N000000243,가가책방,독립서점,일반서적,32549,충청남도 공주시 당간지주길 10,36.45186318,127.1218525,1000,2100,1000,2100,1000,2100,,,,050714864982,24시간 무인 이용 가능. 책방지기가 직접 DIY로 만든 책공간,리뷰여부 : 있음
KCIBSPO21N000000244,한선예의꿈꾸는이야기,독립서점,일반서적,31741,충청남도 당진시 신평면 신평로 812-100,36.88508126,126.7737097,1000,2200,1000,2200,1000,2200,,,,0413622830,예약제로 시간별 예약제 운영. 그림서적 등,"주차 : 가능, 리뷰여부 : 있음"
KCIBSPO21N000000245,책방 세간,독립서점,일반서적,33124,충청남도 부여군 규암면 자온로 82 책방 세:간,36.2737513,126.8888083,1100,1900,1100,1900,1100,1900,1100,1900,,0418348205,"""독립서점""서점, 북카페","화장실 남녀구분 : 구분, 카페 : 있음, 리뷰여부 : 있음"
KCIBSPO21N000000246,책방허송세월,독립서점,일반서적,31066,충청남도 천안시 동남구 각원사길 132,36.83061304,127.1854779,,,1300,1900,1300,1900,,,평일 휴무,050714028528,"일반서적, 중고서적, ""독립서점""서적 등 책방지기의 취향에 맞는 책 골라 판매","카페 : 있음, 리뷰여부 : 있음"
KCIBSPO21N000000247,취향,독립서점,일반서적,31123,충청남도 천안시 동남구 먹거리2길 6,36.81774153,127.1539247,1200,2100,1200,2100,1200,2100,,,월요일,01058511225,"""독립서점""출판물 주로 취급",리뷰여부 : 있음
KCIBSPO21N000000248,인생책방,독립서점,일반서적,31134,충청남도 천안시 서북구 서부3길 67,36.82453158,127.1405651,1530,1900,,,1100,1900,,,토요일,050713123326,도서와 음료를 판매하고 다양한 독서모임이 진행되는 책방,"카페 : 있음, 리뷰여부 : 있음"
KCIBSPO21N000000249,심심한책방,독립서점,그림서적,27222,충청북도 제천시 덕산면 신현3길 27,36.9318124,128.1428765,1100,1900,1100,1900,1100,1900,,,,01053912024,"월악산 아래 심심산골에 위치한 그림서적, 만화책 큐레이팅책방","주차 : 가능, 리뷰여부 : 있음"
KCIBSPO21N000000250,달꽃 책방 카페,독립서점,일반서적,28545,충청북도 청주시 상당구 상당로115번길 61 2층,36.63832162,127.4865863,1000,2100,1000,2100,1000,2100,,,,0432222213,"""독립서점""서점 겸 카페","카페 : 있음, 리뷰여부 : 있음"
KCIBSPO21N000000251,여름서재,독립서점,인문서적,28470,충청북도 청주시 흥덕구 직지대로753번길 35,36.64574148,127.4757166,,,,,,,,,,0432642138,"청주 운리단길 ""독립서점""서점",리뷰여부 : 있음
KCIBSPO21N000000252,기린과숲,독립서점,일반서적,10477,경기도 고양시 덕양구 화중로 126 205호,37.63824373,126.8318981,1300,1900,1300,1900,,,,,"월요일, 일요일 휴무",050713953134,"인문학 및 ""독립서점"" 출판물 취급",주차 : 가능
KCIBSPO21N000000253,이야호우북스,독립서점,일반서적,10236,경기도 고양시 일산서구 탄중로101번길 41 이야호우 북스,37.6944738,126.7554832,1300,1900,1300,1900,1300,1900,,,,050713699193,동네서점 독칩출판 북카페,"주차 : 가능, 카페 : 있음, 리뷰여부 : 있음"
KCIBSPO21N000000254,위드위로,독립서점,일반서적,10222,경기도 고양시 일산서구 성저로50번길 2,37.68421641,126.7529405,1200,2000,1200,2000,1200,2000,,,"월요일 휴무는 인스타그램 참고""",050713461862,"""독립서점""출판물 취급","주차 : 가능, 카페 : 있음, 리뷰여부 : 있음"
KCIBSPO21N000000255,오후서재,독립서점,일반서적,10368,경기도 고양시 일산서구 성저로 67,37.6851844,126.7543895,1000,2200,1300,1900,,,,,"월요일, 일요일 휴무",050713770919,"""독립서점""출판물 취급하는 예약제 책방",리뷰여부 : 있음
KCIBSPO21N000000256,이분의책,독립서점,일반서적,13837,경기도 과천시 별양상가2로 14 219호,37.42732845,126.9929986,1200,1700,,,,,,,,050713935802,"""독립서점""출판, 자서전 취급","화장실 남녀구분 : 구분, 리뷰여부 : 있음"
KCIBSPO21N000000257,삼월책방,독립서점,일반서적,16683,경기도 수원시 영통구 권선로882번길 31-52 1층 102호,37.2473021,127.0433811,1100,2100,1100,2100,1100,2100,,,"월요일, 화요일 휴무",050713035839,"시,소설,에세이,인묵학 판매 동네책방(""독립서점""서점)","주차 : 가능, 화장실 남녀구분 : 구분, 카페 : 있음, 리뷰여부 : 있음"
KCIBSPO21N000000258,오평,독립서점,일반서적,16705,경기도 수원시 영통구 청명북로7번길 8-16,37.25306837,127.0794539,1200,2000,1200,2000,1200,2000,,,"일요일, 월요일 휴무",050713449024,"""독립서점""서적과 카페를 운영하는 동네서점","카페 : 있음, 리뷰여부 : 있음"
KCIBSPO21N000000259,천천히스미는,독립서점,일반서적,16460,경기 수원시 팔달구 매산로52번길 20,37.26786492,127.0073171,1200,1900,1200,1900,1200,1900,,,상시변동,050713011729,"""독립서점""서적과 커피를 파는 ""독립서점""서점","카페 : 있음, 리뷰여부 : 있음"
KCIBSPO21N000000260,낯설여관204호,독립서점,일반서적,16313,경기도 수원시 장안구 영화로71번길 33 2층,37.29209525,127.0051213,1300,1900,1300,1900,1300,1900,,,"월요일, 화요일 휴무",07080640120,제로웨이트샵을 함께 운영하는 동네책방,리뷰여부 : 있음
KCIBSPO21N000000261,책방 옥상에앉아,독립서점,일반서적,11738,경기도 의정부시 동일로 478 옥상,37.73108003,127.0592233,1400,2100,1300,2100,,,,,"일요일,월요일 휴무",050713271738,"그림서적과 ""독립서점""서적, 인문/사회/예술 관련 도서 취급","주차 : 가능, 리뷰여부 : 있음"
KCIBSPO21N000000262,수연목서,독립서점,일반서적,12600,경기도 여주시 산북면 주어로 58,37.40814043,127.4390581,1100,1900,1100,2100,1100,2100,,,,0318855958,사진을 매개로한 복합 문화 공간이며 책을 소장하고 판매하는 사진전문책방입니다.,"주차 : 가능, 카페 : 있음, 리뷰여부 : 있음"
KCIBSPO21N000000263,사각사각책방,독립서점,일반서적,16065,경기도 의왕시 사나골길 9-5 2층,37.35647886,126.9858183,1200,1900,1200,1900,1200,1900,,,"월요일, 화요일 휴무",050714711167,"""독립서점""서점","주차 : 가능, 리뷰여부 : 있음"
KCIBSPO21N000000264,행복책방,독립서점,일반서적,12912,경기도 하남시 미사강변한강로 290-3 모노라운지 A동 2층 218호,37.56419536,127.197001,1100,1900,000,000,000,000,,,,0317931181,다양한 국내외도서 취급,"주차 : 가능, 화장실 남녀구분 : 구분, 리뷰여부 : 있음"
KCIBSPO21N000000265,오롯이서점,독립서점,일반서적,12097,경기도 남양주시 덕송2로6번길 28-22 1층,37.66555955,127.1171688,1200,2100,1200,2100,,,,,,,"""독립서점""서점","주차 : 가능, 카페 : 있음, 리뷰여부 : 있음"
KCIBSPO21N000000266,책방이또지라,독립서점,일반서적,12150,경기도 남양주시 늘을2로 14번길 12 청년창업센터 2층,37.65358763,127.2451629,1100,2000,1100,2000,1100,2000,,,월요일 휴무,050713903720,"""독립서점""서점","화장실 남녀구분 : 구분, 리뷰여부 : 있음"
KCIBSPO21N000000267,사람북닷컴,독립서점,일반서적,14487,경기도 부천시 부천로 282 신양빌딩 202호,37.50914571,126.7854561,1000,2100,1000,2100,1000,2100,1000,2100,,050714505662,"스튜디오 대관이 가능한 ""독립서점""서점","주차 : 가능, 리뷰여부 : 있음"
KCIBSPO21N000000268,책방연두,독립서점,일반서적,15833,경기도 군포시 오금로134번안길 5 102호,37.35907488,126.9411175,1000,2200,1000,2200,,,,,일요일 휴무,01064137035,"커피를 파는 ""독립서점""서점","카페 : 있음, 리뷰여부 : 있음"
KCIBSPO21N000000269,플라테로북스,독립서점,일반서적,15884,경기도 군포시 송부로33번길 3-25 1층 상가 101호,37.31539951,126.9161232,,,,,,,,,,01054853756,"""독립서점""서점","주차 : 가능, 리뷰여부 : 있음"
KCIBSPO21N000000270,그림이야기책방,독립서점,독립서적,10871,경기도 파주시 가재울로 99-8 1층 101호,37.73129815,126.7480369,1000,1800,1000,1800,1000,1800,1000,1800,월요일 오전만 운영,050713491437,"비영리 예술단체 나이브아트스토리 기반의 ""독립서점""서점","주차 : 가능, 리뷰여부 : 있음"
KCIBSPO21N000000271,오월,독립서점,일반서적,14006,경기도 안양시 만안구 안양로323번길 36 1층,37.39968347,126.918113,1400,2200,1400,2200,1400,2200,,,화요일 휴무,07077575799,"북아티스트의 작업실 겸 중고서점으로 도서 구매이외에도 독서, 수업, 모임등을 할 수 있는 공간입니다",리뷰여부 : 있음
KCIBSPO21N000000272,스트랭고,독립서점,일반서적,14005,경기도 안양시 만안구 안양로343번길 86 2층 스트랭고,37.40196016,126.9137009,1400,2000,1400,2000,,,,,,050713782105,"""독립서점""서점을 중심으로 문학과 예술을 융합하는 작업을 통해 각 장르의 확장을 위한 공연과 전시, 프로그램을 기획합니다",리뷰여부 : 있음
KCIBSPO21N000000273,난나책방,독립서점,일반서적,15541,경기도 안산시 상록구 석호로 315 B1,37.29374938,126.8659881,1100,1800,1100,1900,,,,,"일요일,공휴일 휴무",050713497137,"""독립서점""서점, 독서모임",리뷰여부 : 있음
KCIBSPO21N000000274,책방짙은,독립서점,일반서적,10088,경기도 김포시 김포한강2로 76 402호,37.63927234,126.6747109,1400,1900,1000,1800,,,,,,050713853055,"""독립서점""서점","주차 : 가능, 리뷰여부 : 있음"
KCIBSPO21N000000275,화창한서점,독립서점,일반서적,10113,경기도 김포시 풍무로208번길 15,37.61380069,126.7262201,1100,2000,,,,,,,일요일,050713412672,"""독립서점""출판물, 중고책 등을 판매하며 독서모임, 공간대여도 할 수 있습니다","헌책방 : 있음, 리뷰여부 : 있음"
KCIBSPO21N000000276,나태한 책방,독립서점,일반서적,17922,경기도 평택시 원평로39번길 23 1층 나태한 책방,36.98873782,127.08364,000,1200,000,1200,000,1200,,,상시변동,050713293931,"""독립서점""서점 & 카페","카페 : 있음, 리뷰여부 : 있음"
KCIBSPO21N000000277,생활방식,독립서점,일반서적,17909,경기도 평택시 자유로7번길 5-4 모전자전 앞,36.99276484,127.0900714,1200,1900,1200,1900,,,,,"일요일, 월요일",050713378108,"""독립서점""서점 & 카페","카페 : 있음, 리뷰여부 : 있음"
KCIBSPO21N000000278,독립서점서점림바,독립서점,일반서적,17835,경기도 평택시 세교공원로 65 태영청솔아파트 정문 상가동 2층 림바,37.00383524,127.0838127,,,,,,,,,"토요일, 일요일 휴무 예약제 운영",01071727584,"""독립서점""서점이자 출판스튜디오입니다",리뷰여부 : 있음
KCIBSPO21N000000279,좋아서점,독립서점,일반서적,36124,경상북도 영주시 대학로78번길 3,36.80810318,128.6161366,1200,2000,1200,2000,1200,2000,,,매주 목요일 휴무,01046670377,"""독립서점""서점, 공간임대, 북카페 등 복합문화공간","카페 : 있음, 리뷰여부 : 있음"
KCIBSPO21N000000280,마음약방,독립서점,일반서적,51364,경상남도 창원시 마산회원구 양덕북9길 83,35.23286155,128.585172,,,,,,,,,,01022507257,"""독립서점""서점 그리고 심리상담",
KCIBSPO21N000000281,행복스러움 그곳,독립서점,일반서적,30064,세종특별자치시 달빛로 16 가재마을 8단지,36.4997486,127.2499173,1100,1900,1100,1900,,,,,,050714047472,"""독립서점""출판물 취급하는 ""독립서점""서점",
KCIBSPO21N000000282,북커뮤니티 비움과 채움,독립서점,일반서적,30130,세종특별자치시 누리로 28 B상가동 1층,36.47496108,127.2546902,1000,1900,1000,1900,1000,1900,,,,050713196516,"""독립서점""출판물 취급하는 ""독립서점""서점","주차 : 가능, 리뷰여부 : 있음"
KCIBSPO21N000000283,고마다락,독립서점,독립서적,32549,충청남도 공주시 봉황로 54-1,36.4509681,127.1210394,1400,1800,1400,1800,1400,1800,1400,1800,,01024743217,"주중 하루 독채대관이 가능한 ""독립서점""서점","주차 : 가능, 리뷰여부 : 있음"
KCIBSPO21N000000284,공주로,독립서점,일반서적,32550,충청남도 공주시 큰샘1길 4-3 2층,36.44975868,127.1202655,1200,1800,,,,,,,,050713672942,"여행도서, 여행책방, 로컬매거진 취급하는 ""독립서점""서점","주차 : 가능, 리뷰여부 : 있음"
KCIBSPO21N000000285,산촌책방돌베개,독립서점,독립서적,28193,충청북도 청주시 상당구 낭성면 호정전하울길 150,36.61011084,127.6013375,1500,2300,1500,2300,,,,,"월요일, 일요일 휴무",01094636314,"""독립서점""서점,북스테이","주차 : 가능, 리뷰여부 : 있음"
KCIBSPO21N000000286,이월서가,독립서점,일반서적,27812,충청북도 진천군 이월면 진안로 583-6,36.95873378,127.387329,1130,2000,,,,,,,월요일 휴무,050713088236,"""독립서점""서점,북카페","주차 : 가능, 카페 : 있음, 리뷰여부 : 있음"
KCIBSPO21N000000287,텍스트칼로리,독립서점,일반서적,34615,대전광역시 동구 철갑3길 13,36.3341714,127.4379365,1130,2030,1130,2030,1130,2030,,,월요일 휴무,050714396530,"다양한 큐레이션 북,굿즈,음료와 디저트 판매","카페 : 있음, 리뷰여부 : 있음"
KCIBSPO21N000000288,책방정류장,독립서점,일반서적,34428,대전광역시 대덕구 한밭대로1174번길 46,36.35684802,127.4289329,1300,2100,1300,2100,1300,2100,1300,2100,수요일 휴무,050713305410,"소모임,독서모임,문화행사,강연,북토크를 진행하는 ""독립서점""서점",리뷰여부 : 있음
KCIBSPO21N000000289,해윰책방,독립서점,일반서적,35357,대전광역시 서구 원도안로179번길 22-16 1층 해윰책방,36.3200472,127.3428812,1200,1800,1300,1800,1300,1800,,,월요일 휴무,01079382156,"""독립서점""서점이자 ""독립서점""출판사이며 북토크와 독서모임을 진행하는 서점",리뷰여부 : 있음
KCIBSPO21N000000290,월간토마토,독립서점,일반서적,34625,대전광역시 동구 대전천동로 574 2층,36.3315256,127.4282087,900,1815,,,,,,,,050713187151,"잡지를 만들고 직접 출판하는 ""독립서점""서점",리뷰여부 : 있음
